<?xml version="1.0" encoding="UTF-8"?>
<project-private xmlns="http://www.netbeans.org/ns/project-private/1">
    <editor-bookmarks xmlns="http://www.netbeans.org/ns/editor-bookmarks/2" lastBookmarkId="0"/>
    <open-files xmlns="http://www.netbeans.org/ns/projectui-open-files/2">
        <group>
            <file>file:/C:/xampp/htdocs/EcommercialWeb/application/controllers/BaseController.php</file>
            <file>file:/C:/xampp/htdocs/EcommercialWeb/application/views/login.php</file>
            <file>file:/C:/xampp/htdocs/EcommercialWeb/application/controllers/SearchController.php</file>
            <file>file:/C:/xampp/htdocs/EcommercialWeb/application/views/wishlist.php</file>
            <file>file:/C:/xampp/htdocs/EcommercialWeb/application/controllers/DetailsController.php</file>
            <file>file:/C:/xampp/htdocs/EcommercialWeb/application/controllers/ProfileController.php</file>
            <file>file:/C:/xampp/htdocs/EcommercialWeb/application/views/products.php</file>
            <file>file:/C:/xampp/htdocs/EcommercialWeb/application/controllers/RouteController.php</file>
            <file>file:/C:/xampp/htdocs/EcommercialWeb/public/index.php</file>
            <file>file:/C:/xampp/htdocs/EcommercialWeb/application/controllers/CartController.php</file>
            <file>file:/C:/xampp/htdocs/EcommercialWeb/application/controllers/WishlistController.php</file>
            <file>file:/C:/xampp/htdocs/EcommercialWeb/application/controllers/AdminController.php</file>
            <file>file:/C:/xampp/htdocs/EcommercialWeb/application/views/header_admin.php</file>
            <file>file:/C:/xampp/htdocs/EcommercialWeb/application/controllers/LoginController.php</file>
            <file>file:/C:/xampp/htdocs/EcommercialWeb/application/views/home.php</file>
            <file>file:/C:/xampp/htdocs/EcommercialWeb/application/controllers/HomeController.php</file>
            <file>file:/C:/xampp/htdocs/EcommercialWeb/application/controllers/OrderController.php</file>
            <file>file:/C:/xampp/htdocs/EcommercialWeb/application/views/search.php</file>
            <file>file:/C:/xampp/htdocs/EcommercialWeb/application/views/admin.php</file>
            <file>file:/C:/xampp/htdocs/EcommercialWeb/library/Session.php</file>
            <file>file:/C:/xampp/htdocs/EcommercialWeb/application/views/payment.php</file>
            <file>file:/C:/xampp/htdocs/EcommercialWeb/application/controllers/Controller.php</file>
            <file>file:/C:/xampp/htdocs/EcommercialWeb/application/views/header.php</file>
            <file>file:/C:/xampp/htdocs/EcommercialWeb/application/views/orderDetails.php</file>
            <file>file:/C:/xampp/htdocs/EcommercialWeb/application/views/cart.php</file>
        </group>
    </open-files>
</project-private>
